Ryo Nishiura	Shunsuke Onizuka	Reo Mukudai	Rena Otsubo	Hirofumi Maeda	Takatsune Ishikawa	Yamato Asaoka
iu 情報経営イノベーション専門職大学 professional university of information and management for in	0
tokyo central japanese language school東京中央日本語学院	5
homecamp  人と人をつなげ豊かな世界をつくる｜ceo＆founder大城浩司	5
サクセス・it・コンサルティング [success it consulting]	4
japan yacht management  ジャパン ヨット マネジメント	0
ad venturesoration limited adベンチャーズ	3
fas転職‼[japan fas emproyment agency]	6
dialogue consulting ダイアログ コンサルティング	0
verder scientific ヴァーダー・サイエンティフィック	6
isb marketing ー content marketing	3
ボードアドバイザーズboard advisors japan,	4
redmars＼adventure｜レッドマルスadベンチャー	3
チューリッヒ・ライフ・インシュアランス・カンパニーリミテッド	5
tech flyer group, テックフライヤーグループ	5
the westin tokyo ウェスティンホテル東京	4
ｍｒｉバリューコンサルティング・アンド・ソリューションズ	0
令和製薬 reiwa pharmaceuticals	0
knowd advisory ナウド・アドバイザリー	6
mol logistics 商船三井ロジスティクス	3
alliance cloud アライアンスクラウド	3
8chiconsulting〜叡智コンサルティング	6
ジニーエナジー -genie energy gk-	6
トラムシステム tramsystem, ltd.	3
英語学習サポートlighthouse チアガク	3
protea japan プロティア・ジャパン	3
noritake kougado  則武好雅堂	0
sapiens today｜サピエンストゥデイ	5
大和リアル・エステート・アセット・マネジメント	6
松尾研究所／matsuo institute	3
サイバーエージェント・クラウドファンディング	5
ターゲットメディア｜target media	5
三井住友トラスト・パナソニックファイナンス	4
visual voice ビジュアルボイス	6
日本メインハードウェアインターナショナル	4
エスペランサ・ビジネス・コンサルティング	3
riquísimo リキッシモ・スペイン	5
shinewingjapan税理士法人	4
三井倉庫サプライチェーンソリューション	3
スカイワードインフォメーションシステム	3
carerer bot キャリアボット	3
ライドオンエクスプレスホールディングス	5
スターミュージック・エンタテインメント	6
sports crown有限責任会社	4
社会福祉法人東北福祉会 せんだんの館	3
next level コンタクトng	0
シティクリエイションホールディングス	5
上海高文企業コンサルティング管理公司	5
日立グローバルライフソリューションズ	6
マリスcreative design	6
enagic japan エナジック	6
スター・コンサルティング・ジャパン	4
フォルクスワーゲングループジャパン	4
ユー・エム・シー・エレクトロニクス	4
sprocket ［スプロケット］	3
ケンズ・ビジネス・コンサルティング	3
フーディーポケット・テクノロジーズ	3
バリューマシーンインターナショナル	0
日本マイクロmimホールディングス	5
農林中金全共連アセットマネジメント	5
japanzon 🗾 ジャパンゾン	6
プロフェッショナル・ブレインバンク	6
リードインクス ／ leadinx	6
キャリアフロンティア・リバーサーチ	6
三井物産グローバルロジスティクス	4
フィルドコンサルティンググループ	4
エスアイティ・コミュニケーション	4
日本ハムキャリアコンサルティング	4
ニューイングランド日系企業懇話会	3
サンアンドサンズコンサルティング	0
スカイフィールドコーポレーション	5
ウィンフィールド・ライフリサーチ	5
住化エンバイロメンタルサイエンス	5
コンコードエグゼクティブグループ	5
インターネット・ビジネスサービス	5
積水ハウス・アセットマネジメント	6
グローバル・リンク・マネジメント	6
セイコーシステムエンジニアリング	6
广东都市丽人智能产业投资有限公司	6
ストレイムアートアンドカルチャー	6
キヤノンマーケティングジャパン	4
インターネットインフィニティー	4
みずほリサーチ&テクノロジーズ	4
アルフレッサメディカルサービス	4
タテマツデジタルソリューション	3
ictビジネスサポートセンター	3
黎明コンサルティング・グループ	3
インテリジェンス・ネットワーク	3
リオデジャネイロ日本商工会議所	3
ゴールドコースト日本商工会議所	3
琉球アスティーダスポーツクラブ	3
明治安田システム・テクノロジー	0
ふくおかフィナンシャルグループ	0
月島jfeアクアソリューション	5
三菱地所プロパティマネジメント	5
ｎｔｔデータビジネスシステムズ	6
ジェイシーエルコンサルティング	6
バルテス・モバイルテクノロジー	6
松本ものづくり産業支援センター	6
日本オフィスオートメーション	4
みらいグローバル人材開発機構	4
广东蕉岭建筑工程集团有限公司	4
社会福祉法人京都老人福祉協会	4
ベンチャーサポート社労士法人	3
三井物産・イデラパートナーズ	3
北京清奥体育产业发展有限公司	3
株）キャリアデザインセンター	3
アイ・シー・ティー・ブレイン	0
サン・テン コンサルティング	0
インサイト・コンサルティング	0
ジャパン・ビジネス・サービス	0
インフォテックソリューション	0
ソフトウエアエンジニアリング	0
あのころコミュニケーションズ	0
dinamica-ディナミカ	5
マネジメントソリューションズ	5
レインボーエンタテインメント	5
第一三共ヘルスケアダイレクト	5
船井総研itソリューションズ	5
ウエインズ・ビジネスサービス	5
ヒューマンキャンパス高等学校	6
大阪チタニウムテクノロジーズ	6
セブン＆アイ・ネットメディア	6
キョーラクシステムクリエート	6
住商ベンチャー・パートナーズ	6
日本ケアコミュニケーションズ	6
マネジメントイノベーション	4
ズーム エナジー ジャパン	4
アジュバンホールデイングス	4
ノリタケカンパニーリミテド	4
パリティ・イノベーションズ	4
リキッドデザインシステムズ	4
ナイスコンピュータシステム	4
マークスインターナショナル	3
バリューアップマネジメント	3
ソードスミス・アソシエイツ	3
マーコムインターナショナル	3
セントケア・ホールディング	3
ファイズマンクリエイティブ	3
株）ミマキエンジニアリング	3
博報堂dyホールディングス	0
マレーシア日本人商工会議所	0
三井不動産ビルマネジメント	0
オアシス・イラボレーション	0
グランパスコンサルティング	5
串カツ田中ホールディングス	5
オリエントコーポレーション	5
パブリックアイデンティティ	5
ケイレックス・テクノロジー	5
ビジョン・コンサルティング	5
アイエイ・コーポレーション	6
コーナーズプロダクションズ	6
エッジ・インターナショナル	6
吃什麼數位科技股份有限公司	6
シンガポール日本商工会議所	6
医療法人 南労会 紀和病院	6
キーウェアソリューションズ	6
emsg経営パートナーズ	4
ヒューマンテクノロジーズ	4
メディア・コンフィデンス	4
西川コミュニケーションズ	4
キャリアデザインセンター	4
サッポロドラッグストアー	4
hitkot社労士事務所	4
ithree アイスリー	4
ｍｊｓｍ＆ａパートナーズ	3
行政書士鈴木法務オフィス	3
福井県産業廃棄物処理公社	3
キューキエンジニアリング	3
ｒｂプラス・パートナーズ	3
ナマラエンターテイメント	3
アドバンオートメーション	3
深圳执一管理咨询有限公司	3
フロンティア・フィールド	3
cl by c.ルメール	3
kintoテクノロジーズ	3
アイナボホールディングス	3
山手学院中学校・高等学校	3
ワイエムコンサルティング	3
ワールドビジネスセンター	3
ビーズインターナショナル	3
コプロ・ホールディングス	0
フーディバル・キャピタル	0
斯堪的纳维亚生活公司 a	0
テイラーイノベーションズ	0
シェアリングテクノロジー	0
レクストホールディングス	0
ポートランド日本人商工会	0
ホーチミン日本商工会議所	0
エネコートテクノロジーズ	0
明光ネットワークジャパン	0
セトラスホールディングス	0
むさしのコンサルティング	0
日本国際交流発展促進協会	5
サッポロホールディングス	5
ホノルル日本人商工会議所	5
シャドーコンサルティング	5
キューズコンサルティング	6
ブリスベン日本商工会議所	6
マイクロテック・ニチオン	6
インターホールディングス	6
レザンファンティーヴィー	6
電通prコンサルティング	6
c&mプロモーションズ	4
ハウス食品グループ本社	4
アルサホールディングス	4
グラーティア税理士法人	4
ダイワコーポレーション	4
ホテル結マネージメント	4
財團法人商業發展研究院	4
プライム パーティクル	4
areホールディングス	4
リード・イノベーション	4
キッズコーポレーション	4
ナイス賃貸情報サービス	3
司法書士法人芝トラスト	3
みつきコンサルティング	3
アートフォースジャパン	3
ファブラボ広島安芸高田	3
ビジュアルイメージング	3
ソーシング・ブラザーズ	3
アドバンスコンポジット	3
デンソーソリューション	3
テックビジネスサービス	3
タメニーアートワークス	0
日研トータルソーシング	0
ロッテホールディングス	0
東京都中小企業振興公社	0
citronシステムズ	0
ハウスウェルネスフーズ	0
日本エス・エイチ・エル	0
コスパ・テクノロジーズ	5
ピージェーエージェント	5
komemame 米豆	5
アデコビジネスサポート	5
ガルベラ・パートナーズ	5
uts国際教育センター	5
シー・サポートセンター	5
テックコーポレーション	5
アウロラ・アライアンス	5
アクタホールディングス	6
ナビオコンサルティング	6
ゴングウェル・サービス	6
マーケティングマインド	6
ニトリホールディングス	6
ワイズ・インフィニティ	6
ベルダコンサルティング	6
スロースネットワークス	6
スペイン日本商工会議所	6
メキシコ日本商工会議所	6
エイムインタービジョン	6
メビウスパッケージング	6
スナップオン・ツールズ	6
北海道開発技術センター	6
クロス・マーケティング	6
ヘルスケアシステムズ	4
パソナjob hub	4
インサイトアカデミー	4
ケイワイノベーション	4
中日本ダイカスト工業	4
itzマーケティング	4
日鉄ソリューションズ	4
アヴェイルテクノロジ	4
ジーレックスジャパン	4
ワシントン日本商工会	4
グリーン・カルチャー	4
クローバーフィールド	4
インターファクトリー	4
シコメルフードテック	4
和光エンジニアリング	3
鳥越税務・会計事務所	3
ビジネス会計人クラブ	3
イットーソフトウェア	3
豊田スチールセンター	3
三井住友金属鉱山伸銅	3
明来エンタープライズ	3
シマント・ドットコム	3
日本ビューホテル事業	3
アイランド・ブレイン	3
深圳破浪科技有限公司	3
将来宇宙輸送システム	3
セブ日本人商工会議所	3
バークリー・ジャパン	3
工機ホールディングス	3
やまぐち産業振興財団	0
サン・エム・システム	0
三五コーポレーション	0
ワンダーラボラトリー	0
ヒューマンファースト	0
ソーシャルスピーカー	0
プレミアエージェント	0
サクライノベーション	0
アクションフォレスト	0
高知電子計算センター	0
日本コンピュータ開発	0
ダイヤモンドメディア	0
パイオネット・ソフト	0
スタジオディテイルズ	0
イントロン・スペース	0
ベスト・プラクティス	0
経営人事パートナーズ	5
リアライズ総合研究所	5
アンデルセンサービス	5
ボーケン品質評価機構	5
ケミ・コム・ジャパン	5
三井物産プラスチック	5
オーディユージャパン	5
ケア・フォー・ライフ	5
npo法人よりsoy	5
三井化学分析センター	5
フォト・パートナーズ	6
ｇセラノスティックス	6
みらいマーケティング	6
キャリアリンクアジア	6
エフアンドエムネット	6
アークス／arcs,	6
藤田エンジニアリング	6
豊通保険パートナーズ	6
sbsプロモーション	6
上海畅蜀科技有限公司	6
本郷スタートアップス	6
リベラルエンジニアズ	6
平成ファームワークス	6
ノーリツプレシジョン	6
ソニーマーケティング	6
gente ゲンテイ	6
【公式】manebi	6
野村ホールディングス	6
テクノロジーone	4
テラル・エス・イー	4
emgルブリカンツ	4
スコラ・コンサルト	4
計測ネットサービス	4
zホールディングス	4
南加日系商工会議所	4
パートナーサクセス	4
フィル・カンパニー	4
フライングカラーズ	4
インスパイアクロス	4
イマジンフォレスト	3
キョーワ・システム	3
アイ・ディー・エフ	3
アルヴァスデザイン	3
ユニバースジャパン	3
グローバルブライト	3
虎ノ門ストラテジー	3
リミックスポイント	3
人財ソリューション	0
icsパートナーズ	0
アイム・ユニバース	0
中日諏訪オプト電子	0
大和ライフネクスト	0
ソーケンメディカル	0
ベルリン日本商工会	0
プライバシーテック	0
学校法人 浪商学園	0
タスクールplus	0
テンフィートライト	0
ｓａｙコンピュータ	0
日本クレジット協会	5
ｍｂｃプロデュース	5
英会話 リアライズ	5
skソリューション	5
シェアードバリュ-	5
アイ・ティー・ワン	5
日本オーエー研究所	5
アディッシュプラス	5
税理士法人セカンド	5
インパクトジャパン	5
ビズリンクキャリア	5
アイ･ディ･エイチ	5
ニールセンデジタル	5
ワークスシステムズ	6
社エムプロジェクト	6
オーディオストック	6
トリニティバリュー	6
ジェンパートナーズ	6
セルビア日本商工会	6
サイバー・クラフト	6
アールシースタッフ	6
三井デザインテック	6
オーシャンシステム	6
グリッド・リサーチ	6
さきがけ税理士法人	6
サイトキャッチャー	6
ユニコーンファーム	6
システムデータ機器	6
ユー・エス・ジェイ	6
日本fx教育機構	4
メディアグロース	4
ブルーミング中西	4
セクションナイン	4
エクスペリエンス	4
フクシマガリレイ	4
カクヤスグループ	4
ホンダコムテック	4
長谷川ウェブ設計	4
グレイスグループ	4
カルコジェニック	4
smart相談室	4
日清製粉ウェルナ	4
フロンティアワン	3
ニッケンかみそり	3
マザーズクラウド	3
静鉄リテイリング	3
ウィズブレインズ	3
フラッシュエッヂ	3
インフォデザイン	3
損害保険ジャパン	3
ヤマザキマザック	3
チームスピリット	3
日本システム技研	3
ピー・シー・エス	3
アリストレンディ	3
バリュー・プラス	3
ムンディファ－マ	3
ロジカル・アーツ	3
近鉄・都ホテルズ	3
島手そうめん販売	0
焼津水産化学工業	0
スタジオエムユー	0
オートアベニュー	0
ホライゾンbpc	0
リゾートトラスト	0
ピクチャーコード	0
mxモバイリング	0
グロース・インク	0
デジタルドロップ	0
みらいこども財団	0
フロントステージ	0
国際紙パルプ商事	0
アビリオ債権回収	0
エースシステムズ	0
東京都市サービス	0
ペッツファースト	0
ラムダシステムズ	0
イケア・ジャパン	0
サンエージェント	0
メグコーポレート	5
玉津浦木型製作所	5
ジョイントアップ	5
sbテクノロジー	5
フラップマインド	5
グローバルゲート	5
青岛王牌动物健康	5
チェコ日本商工会	5
メイン・シーエス	5
インタースペース	5
シフトメーション	5
ビデオマッチング	5
ポータルシステム	5
オリエンタル白石	5
スキルアカデミー	6
dcアーキテクト	6
インフィニション	6
インフォエックス	6
スマートメディア	6
サイバードリーム	6
ブランドクラウド	6
ファイバーゲート	6
サッポロライオン	6
eqパートナーズ	6
mt.サンライズ	6
フリーモーション	6
アースクリエイト	6
ビビッドガーデン	6
東京ガスｉネット	6
ポテンシャライト	6
サムシングファン	6
島根県林業公社	4
セッションエム	4
ホンキートンク	4
ディレクターズ	4
冨田経営研究所	4
アバージェンス	4
エイアンドエフ	4
色彩科学研究所	4
提克华商务咨询	4
エンセレモニー	4
パーソルｒ＆ｄ	4
フラットコード	4
システムプラザ	4
ビーエイチエヌ	4
ミンナのシゴト	4
ニューロスカイ	4
田中化学研究所	4
アレックス31	4
ランドシステム	4
オーケーテクノ	4
プロアクティブ	4
大和ハウス工業	4
ｊｃｒファーマ	3
オートアールズ	3
パッケージ松浦	3
ロータス大久保	3
イオンリテール	3
ププレひまわり	3
nttロジスコ	3
エイトバルーン	3
オッズ・パーク	3
クリエイティブ	3
ダイヤモンド社	3
hrdグループ	3
速報japan	3
かねたや家具店	3
パンダビジョン	3
インフォアール	3
ファインシード	3
インフォニック	3
エニトグループ	3
西兵庫信用金庫	0
インフォプラザ	0
トムソンネット	0
セルプロモート	0
テービーテック	0
イングリウッド	0
ユーザーライク	0
日秘商工会議所	0
シン・エナジー	0
阪急阪神百貨店	0
マッキーソフト	0
coクリエイト	0
クイックソフト	0
a・ヒューマン	0
モザイクワーク	5
ヘルスベイシス	5
ナレッジワーク	5
神戸教育研究所	5
アクセス・アイ	5
シライ電子工業	5
エイ・フォース	5
ワンダーラスト	5
ライフクエスト	5
リネアストリア	5
土帰 doki	5
長塚電話工業所	5
アップルップル	5
西武ライオンズ	5
フィールドワン	5
フレイムハーツ	5
かんぽ生命保険	5
東急住宅リース	5
sgリアルティ	5
建設技術研究所	5
不二輸送機工業	5
マルティスープ	5
アルト・アルコ	5
東芝ライテック	5
おしんドリーム	5
ライファヘッド	6
日本アルテック	6
gyキャピタル	6
日本ウエストン	6
シーティーエス	6
ヒットアシスト	6
シンフィールド	6
フクビ化学工業	6
クラウドエース	6
プログラぶっく	6
lmiグループ	6
爱德克电气贸易	6
バイオフィリア	6
㈱福岡電子紡績	6
ナガイレーベン	6
東武鉄道株会社	6
大阪鉛錫精錬所	6
インテグループ	6
フォースネット	6
タスクブレイク	6
クローバーラボ	6
ウィルメディア	6
スタイルアーツ	6
豊田中央研究所	6
pmi日本支部	6
タスクサービス	6
浙江源宇宙公司	6
再春館システム	6
メディアバンク	6
タッチスポット	6
シミックウエル	6
アルガルバイオ	6
電通ダイレクト	6
トライグループ	6
ジー・プラン	4
盛虎ジャパン	4
相田化学工業	4
イービジネス	4
日本デザイン	4
jスマイルズ	4
ユニオータス	4
バッファロー	4
パソナテック	4
赤ちゃん本舗	4
本田技研工業	4
大和リゾート	4
マーキュリー	4
サカタのタネ	4
日本プラスト	4
エイコー技研	4
ワイドテック	4
三建設備工業	4
アイビーエス	4
リトルソフト	4
アンドウ薬局	4
フォレックス	4
ビジョンケア	4
大垣共立銀行	4
ジャパン建材	3
ほーむるーむ	3
ラッキー工芸	3
協和エクシオ	3
テクノエイト	3
佐久間特殊鋼	3
カーブアウト	3
ユニチャーム	3
nttぷらら	3
日本ウォール	3
エスエムアイ	3
クレシェンド	3
シムトップス	3
三和ペイント	3
エクスプラザ	3
東急リバブル	3
西部電気工業	3
関西福祉大学	3
アルプレイス	3
日本提携支援	3
リールピーク	3
東亜製砥工業	3
コタエル信託	3
リンドバーグ	0
タイプlab	0
ウィルハーツ	0
ヱスビー食品	0
ライトボーイ	0
コスメディア	0
光軽金属工業	0
日本内外旅行	0
ｌｒテックス	0
瀬川化学工業	0
おおくま会計	0
ライフプラン	0
シンクロ企画	0
リアル×it	0
フロンティア	0
ワークポート	0
キャリーミー	0
電通グループ	0
ピコシステム	0
ユナイテッド	0
小倉クラッチ	0
ゴーズウェル	0
メディフォン	0
ゆうちょ銀行	0
アップシフト	0
山陽特殊製鋼	0
日本光電工業	0
三菱ガス化学	0
東海高熱工業	0
ビーアイピー	0
セキセイ興産	0
ｆｓアシスト	0
ドットプラス	0
バンドー化学	0
ユニシステム	0
ワーズインク	5
水野商務諮詢	5
小池酸素工業	5
クロステリア	5
プライフーズ	5
クロスビット	5
輝翠tech	5
エクスパーク	5
椿本チエイン	5
豊田自動織機	5
オーエスジー	5
オタリテック	5
クラッソーネ	5
ケモインフォ	5
サングローブ	5
東京応化工業	5
eパートナー	5
理研ビタミン	5
大坂信用金庫	5
アルファコム	5
通院サービス	5
ラウンジデコ	5
零space	5
アヴァンティ	6
ディスプレイ	6
シリアライズ	6
日本美粧協会	6
ディーメイク	6
ワークポッツ	6
笹川平和財団	6
ランシステム	6
三洋化成工業	6
トイロジック	6
スタジオ雲雀	6
モバーシャル	6
クエストリー	6
希japan	6
ブイキューブ	6
アブラックス	6
ワンダーラボ	6
スリーゼット	6
ジー・ムーブ	6
タイムテック	6
ティーペック	6
アイシン化工	6
qdジャパン	6
rdサポート	6
アパグループ	6
プロティアン	6
スタディスト	6
ノトアロイ	4
松井製作所	4
朝日工業社	4
シーズラボ	4
ゼロエイト	4
ティモンズ	4
ジャックス	4
ソクラテス	4
大丸松坂屋	4
アドテック	4
優 yuu	4
オーリーズ	4
竹内製作所	4
シーテック	4
栃木事務機	4
個人事業主	4
和氏璧化工	4
エルツリー	3
jbh貿易	3
カークレド	3
コールコム	3
丹後フーズ	3
スクロール	3
ベーシック	3
ビュティソ	3
未来創世塾	3
サイボウズ	3
聖教新聞社	3
阿比野建設	3
不二サッシ	3
インゲーム	3
サンビット	3
テコテック	3
城野印刷所	3
ワウテック	3
インサイト	3
ツバサ建業	3
トレーダム	3
ポウプ企画	0
亀屋工業所	0
ミツワ化学	0
旅行出版社	0
阿部製作所	0
小岩井乳業	0
サムライト	0
龍トレード	0
ファミワン	0
エトヴォス	0
ビーエイチ	0
トクイテン	0
バーネット	0
オーガスタ	0
アンブレラ	0
グローバー	0
宇和海真珠	0
インゲージ	0
エル・エー	0
香西鉄工所	5
多久製作所	5
アデランス	5
社山一地所	5
押入れ産業	5
プレックス	5
サポータス	5
マダックス	5
フジプラス	5
スギコ産業	5
オージック	5
ブライシス	5
静岡新聞社	5
堺化学工業	5
八十二銀行	5
コンバート	5
エクスコア	5
新経済連盟	5
アイデミー	6
リブウェル	6
ピースリー	6
タキヒヨー	6
インキャド	6
日本百貨店	6
イヌパシー	6
プロパース	6
ワンインチ	6
レオクラン	6
インボイス	6
鹿児島大学	6
東京ドーム	6
エンチョー	6
デルフィス	6
山下ｐｍｃ	6
ビーティス	6
エイシング	6
リンプレス	6
コムシード	6
就活ラジオ	6
ビービット	6
プロシスタ	6
光和商事	4
日新精工	4
昭和産業	4
カブキヤ	4
サン電子	4
芝浦機械	4
成功工房	4
ダイツー	4
日神機互	4
トーハン	4
日立建機	4
アサヒコ	4
東洋炭素	4
あつまる	4
フジッコ	4
スパート	4
キーリー	4
オビサン	4
オミカレ	4
エコノハ	4
アスソラ	4
物語運輸	4
南陽吉久	4
ラッキー	4
仙伊商事	4
三昌商事	4
未来貯金	4
日華化学	4
太洋工業	4
滨江兄弟	4
博多工贸	4
百五銀行	4
井口一世	3
横浜銀行	3
フジ印刷	3
キャット	3
オカモト	3
みつもと	3
永大産業	3
尾崎食品	3
住友林業	3
新生銀行	3
プルーヴ	3
ケップル	3
ウィーブ	3
メドピア	3
リョービ	3
コネクト	3
笹沢建設	3
国誉商业	3
明治機械	3
秋田銀行	3
大英産業	3
日本毛織	3
ヤマシタ	3
タクミナ	3
オイスカ	3
エアトリ	3
近江建設	3
美東電子	3
グローバ	3
ソラジマ	3
リハサク	3
トリドリ	3
カリスト	3
フロイデ	3
向前学院	3
マナック	3
黎明智造	3
カンビア	0
リバティ	0
三和実業	0
ub唐江	0
アステム	0
坂井電機	0
クオリカ	0
中日電熱	0
中製作所	0
太陽刷子	0
シナノア	0
リップル	0
ゲインズ	0
社豊予社	0
アイムズ	0
シンシア	0
明治商工	0
シャベル	0
日本郵便	0
双葉運輸	0
ジャック	0
アバント	0
アイシン	0
吉川泰次	0
重慶飯店	0
テラモト	0
倉敷紡績	0
神鋼鋼線	0
東光高岳	0
サンデー	0
青木科技	0
リリピア	0
ワンセル	0
テクノス	0
シェイク	0
マビソル	0
大塚倉庫	0
英雄电竞	0
中国电建	0
甫康健康	0
遭遇設計	5
ウィード	5
早川商事	5
京王建設	5
きくアド	5
ウエルメ	5
会津電力	5
フィール	5
司機工業	5
三栄工業	5
新富商事	5
トヨコン	5
ミライフ	5
ロジレス	5
ベイシア	5
シーガル	5
三井物産	5
ミコリー	5
アリババ	5
東亞合成	5
ニコスタ	5
リシンク	5
ノウンズ	5
ネクスタ	5
トレオン	5
東邦銀行	5
一橋大学	5
ヤマザワ	5
ブルボン	5
中国塗料	5
ニッセイ	5
東海理化	5
亀田製菓	5
リナック	5
サルエド	5
ノビアス	5
日本触媒	5
アメリス	5
ログラス	5
第一産業	5
三旺通信	5
エバルス	6
大和電器	6
太陽化学	6
キヤノン	6
デンソー	6
サイサン	6
住友理工	6
クラビス	6
キビテク	6
アスシア	6
バイパス	6
栗林商船	6
香川銀行	6
jx金属	6
ソーバル	6
杏林製薬	6
オークワ	6
ウィザス	6
日産車体	6
スポスタ	6
搜狐集团	6
岩波書店	6
宇仁繊維	6
日東工器	6
イナック	6
クラダシ	6
ウルミー	6
大塚製薬	6
タビグラ	6
神鋼商事	6
松下産業	6
德国商会	6
コメダ	4
寿精密	4
アムコ	4
路珈珈	4
エイム	4
新大陸	4
トキワ	4
アキラ	4
サミー	4
フェレ	4
セレス	4
うるる	4
美ノ久	3
コスモ	3
ノーザ	3
ユーカ	3
和多利	3
シンカ	3
東タイ	3
ワッツ	3
サグリ	3
ピップ	3
郷商事	0
アムイ	0
カクイ	0
コペル	0
ミズノ	0
東洋紡	0
アトラ	0
レイン	5
シエロ	5
スオウ	5
5次元	5
ロッテ	5
ウフル	5
キット	5
櫻護謨	5
ウキヨ	5
レシカ	6
チノー	6
中電工	6
新星苑	6
タカノ	6
百撰堂	6
街ツク	6
クオン	6
日商保	6